<?xml version="1.0" encoding="UTF-8"?><rss version="2.0"
	xmlns:content="http://purl.org/rss/1.0/modules/content/"
	xmlns:dc="http://purl.org/dc/elements/1.1/"
	xmlns:atom="http://www.w3.org/2005/Atom"
	xmlns:sy="http://purl.org/rss/1.0/modules/syndication/"
	
	>
<channel>
	<title>
	Comments on: News #1	</title>
	<atom:link href="http://https://github.com/trinhvanthong/trinhvnthong.gihub.io.git/2023/02/22/news-1/feed/" rel="self" type="application/rss+xml" />
	<link>http://https://github.com/trinhvanthong/trinhvnthong.gihub.io.git/2023/02/22/news-1/</link>
	<description></description>
	<lastBuildDate>Wed, 22 Feb 2023 05:48:27 +0000</lastBuildDate>
	<sy:updatePeriod>
	hourly	</sy:updatePeriod>
	<sy:updateFrequency>
	1	</sy:updateFrequency>
	<generator>https://wordpress.org/?v=6.1.1</generator>
</channel>
</rss>
