<?xml version="1.0" encoding="UTF-8"?><rss version="2.0"
	xmlns:content="http://purl.org/rss/1.0/modules/content/"
	xmlns:wfw="http://wellformedweb.org/CommentAPI/"
	xmlns:dc="http://purl.org/dc/elements/1.1/"
	xmlns:atom="http://www.w3.org/2005/Atom"
	xmlns:sy="http://purl.org/rss/1.0/modules/syndication/"
	xmlns:slash="http://purl.org/rss/1.0/modules/slash/"
	>

<channel>
	<title>Uncategorized</title>
	<atom:link href="http://https://github.com/trinhvanthong/trinhvnthong.gihub.io.git/category/uncategorized/feed/" rel="self" type="application/rss+xml" />
	<link>http://https://github.com/trinhvanthong/trinhvnthong.gihub.io.git</link>
	<description></description>
	<lastBuildDate>Wed, 22 Feb 2023 05:48:27 +0000</lastBuildDate>
	<language>en-US</language>
	<sy:updatePeriod>
	hourly	</sy:updatePeriod>
	<sy:updateFrequency>
	1	</sy:updateFrequency>
	<generator>https://wordpress.org/?v=6.1.1</generator>
	<item>
		<title>News #1</title>
		<link>http://https://github.com/trinhvanthong/trinhvnthong.gihub.io.git/2023/02/22/news-1/</link>
					<comments>http://https://github.com/trinhvanthong/trinhvnthong.gihub.io.git/2023/02/22/news-1/#respond</comments>
		
		<dc:creator><![CDATA[thonglam0102]]></dc:creator>
		<pubDate>Wed, 22 Feb 2023 05:48:27 +0000</pubDate>
				<category><![CDATA[Uncategorized]]></category>
		<guid isPermaLink="false">http://https://github.com/trinhvanthong/trinhvnthong.gihub.io.git/?p=71</guid>

					<description><![CDATA[]]></description>
										<content:encoded><![CDATA[]]></content:encoded>
					
					<wfw:commentRss>http://https://github.com/trinhvanthong/trinhvnthong.gihub.io.git/2023/02/22/news-1/feed/</wfw:commentRss>
			<slash:comments>0</slash:comments>
		
		
			</item>
		<item>
		<title>Hello world!</title>
		<link>http://https://github.com/trinhvanthong/trinhvnthong.gihub.io.git/2023/02/20/hello-world/</link>
					<comments>http://https://github.com/trinhvanthong/trinhvnthong.gihub.io.git/2023/02/20/hello-world/#comments</comments>
		
		<dc:creator><![CDATA[thonglam0102]]></dc:creator>
		<pubDate>Mon, 20 Feb 2023 17:07:07 +0000</pubDate>
				<category><![CDATA[Uncategorized]]></category>
		<guid isPermaLink="false">http://https://github.com/trinhvanthong/trinhvnthong.gihub.io.git/?p=1</guid>

					<description><![CDATA[Welcome to WordPress. This is your first post. Edit or delete it, then start writing!]]></description>
										<content:encoded><![CDATA[
<p>Welcome to WordPress. This is your first post. Edit or delete it, then start writing!</p>
]]></content:encoded>
					
					<wfw:commentRss>http://https://github.com/trinhvanthong/trinhvnthong.gihub.io.git/2023/02/20/hello-world/feed/</wfw:commentRss>
			<slash:comments>1</slash:comments>
		
		
			</item>
	</channel>
</rss>
